logical_signal,connector_pin,target_pin,io_voltage,direction,series_resistor,verified
VCC_3V3,1,,3.3V,power,,no
GND,32,,0V,power,,no
/CS,5,,3.3V,output,33R,no
/RD,4,,3.3V,output,33R,no
/WR,3,,3.3V,output,33R,no
/CS2,30,,3.3V,output,33R,no
AD0,6,,3.3V,bidirectional,33R,no
AD1,7,,3.3V,bidirectional,33R,no
AD2,8,,3.3V,bidirectional,33R,no
AD3,9,,3.3V,bidirectional,33R,no
AD4,10,,3.3V,bidirectional,33R,no
AD5,11,,3.3V,bidirectional,33R,no
AD6,12,,3.3V,bidirectional,33R,no
AD7,13,,3.3V,bidirectional,33R,no
AD8,14,,3.3V,bidirectional,33R,no
AD9,15,,3.3V,bidirectional,33R,no
AD10,16,,3.3V,bidirectional,33R,no
AD11,17,,3.3V,bidirectional,33R,no
AD12,18,,3.3V,bidirectional,33R,no
AD13,19,,3.3V,bidirectional,33R,no
AD14,20,,3.3V,bidirectional,33R,no
AD15,21,,3.3V,bidirectional,33R,no
A16,22,,3.3V,output,33R,no
A17,23,,3.3V,output,33R,no
A18,24,,3.3V,output,33R,no
A19,25,,3.3V,output,33R,no
A20,26,,3.3V,output,33R,no
A21,27,,3.3V,output,33R,no
A22,28,,3.3V,output,33R,no
A23,29,,3.3V,output,33R,no
